{
    "1_1": [
        1,
        1,
        1,
        1,
        1,
        1,
        1,
        1,
        1
    ],
    "1_2": [
        2,
        1.5,
        1.3333333333333333,
        1.25,
        1.4,
        1.3333333333333333,
        1.4285714285714286,
        1.5,
        1.4444444444444444
    ],
    "1_3": [
        1,
        2,
        2.3333333333333335,
        2.25,
        2.2,
        2.3333333333333335,
        2.4285714285714284,
        2.25,
        2.3333333333333335
    ],
    "1_4": [
        1,
        2.5,
        3,
        2.5,
        2.8,
        3,
        2.857142857142857,
        2.625,
        2.6666666666666665
    ],
    "1_5": [
        1,
        2,
        2.6666666666666665,
        2.5,
        2.4,
        2.1666666666666665,
        2.2857142857142856,
        2.375,
        2.3333333333333335
    ],
    "1_6": [
        3,
        4,
        3,
        2.75,
        3,
        3.1666666666666665,
        3.142857142857143,
        2.875,
        2.7777777777777777
    ],
    "1_7": [
        6,
        4.5,
        4.666666666666667,
        3.75,
        4,
        4.166666666666667,
        3.7142857142857144,
        3.625,
        3.4444444444444446
    ],
    "1_8": [
        1,
        2,
        2.6666666666666665,
        3,
        4,
        4.5,
        4.428571428571429,
        4.75,
        4.666666666666667
    ],
    "1_9": [
        6,
        4,
        4.333333333333333,
        5.5,
        5,
        5.333333333333333,
        5.142857142857143,
        5.375,
        5.777777777777778
    ],
    "2_1": [
        1,
        1,
        1,
        1,
        1,
        1,
        1,
        1,
        1
    ],
    "2_2": [
        3,
        2,
        2.3333333333333335,
        2,
        2.2,
        2.3333333333333335,
        2.142857142857143,
        2.125,
        2.111111111111111
    ],
    "2_3": [
        3,
        3,
        3,
        2.75,
        2.6,
        2.5,
        2.5714285714285716,
        2.5,
        2.5555555555555554
    ],
    "2_4": [
        3,
        3,
        3,
        3,
        2.6,
        2.6666666666666665,
        2.5714285714285716,
        2.375,
        2.2222222222222223
    ],
    "2_5": [
        4,
        3.5,
        3.6666666666666665,
        3.75,
        3.6,
        3.6666666666666665,
        3.7142857142857144,
        3.875,
        3.888888888888889
    ],
    "2_6": [
        5,
        5,
        5,
        4.25,
        4.2,
        4.166666666666667,
        3.857142857142857,
        3.875,
        3.888888888888889
    ],
    "2_7": [
        6,
        4,
        4,
        4,
        4,
        3.8333333333333335,
        3.857142857142857,
        4,
        3.888888888888889
    ],
    "2_8": [
        5,
        6,
        6.333333333333333,
        6,
        6,
        5.333333333333333,
        5.142857142857143,
        4.875,
        5
    ],
    "2_9": [
        5,
        5,
        5.666666666666667,
        6,
        6.6,
        6.5,
        5.857142857142857,
        5.625,
        5.777777777777778
    ],
    "3_1": [
        1,
        1,
        1,
        1,
        1,
        1,
        1,
        1,
        1
    ],
    "3_2": [
        4,
        3,
        3,
        3,
        3.2,
        3.1666666666666665,
        3,
        3.125,
        3
    ],
    "3_3": [
        4,
        3.5,
        3.3333333333333335,
        3.25,
        3.4,
        3.5,
        3.4285714285714284,
        3.375,
        3.3333333333333335
    ],
    "3_4": [
        5,
        4,
        3.6666666666666665,
        3.75,
        3.8,
        3.6666666666666665,
        3.7142857142857144,
        3.625,
        3.5555555555555554
    ],
    "3_5": [
        3,
        3,
        3.3333333333333335,
        3.25,
        3.2,
        3.3333333333333335,
        3.2857142857142856,
        3.5,
        3.7777777777777777
    ],
    "3_6": [
        5,
        4.5,
        4.333333333333333,
        4,
        4.2,
        4.166666666666667,
        3.857142857142857,
        3.875,
        3.888888888888889
    ],
    "3_7": [
        5,
        4,
        4,
        4.25,
        4.4,
        4.333333333333333,
        4.571428571428571,
        4.5,
        4.555555555555555
    ],
    "3_8": [
        4,
        4,
        4.333333333333333,
        4.75,
        4.8,
        5.166666666666667,
        5.142857142857143,
        5.125,
        5.222222222222222
    ],
    "3_9": [
        6,
        6,
        5.333333333333333,
        5,
        4.8,
        5.166666666666667,
        5.428571428571429,
        5.375,
        5.444444444444445
    ],
    "4_1": [
        1,
        1,
        1,
        1,
        1,
        1,
        1,
        1,
        1
    ],
    "4_2": [
        2,
        2,
        2.6666666666666665,
        2.75,
        3,
        3,
        3.142857142857143,
        3,
        3.111111111111111
    ],
    "4_3": [
        3,
        2,
        2.3333333333333335,
        2.75,
        2.6,
        2.8333333333333335,
        3,
        3,
        3
    ],
    "4_4": [
        4,
        4,
        4,
        4,
        4,
        3.8333333333333335,
        3.7142857142857144,
        3.75,
        3.6666666666666665
    ],
    "4_5": [
        4,
        4.5,
        4.666666666666667,
        4.75,
        4.6,
        4.666666666666667,
        4.571428571428571,
        4.5,
        4.555555555555555
    ],
    "4_6": [
        6,
        5,
        5,
        4.75,
        4.6,
        4.5,
        4.428571428571429,
        4.5,
        4.555555555555555
    ],
    "4_7": [
        6,
        6,
        6.333333333333333,
        6,
        5.8,
        5.166666666666667,
        5.142857142857143,
        5.125,
        5
    ],
    "4_8": [
        5,
        5.5,
        5,
        5,
        4.8,
        4.833333333333333,
        4.714285714285714,
        4.875,
        4.888888888888889
    ],
    "4_9": [
        8,
        6.5,
        6,
        6.25,
        6.2,
        6.333333333333333,
        6.285714285714286,
        6.125,
        6.111111111111111
    ],
    "5_1": [
        1,
        1,
        1,
        1,
        1,
        1,
        1,
        1,
        1
    ],
    "5_2": [
        3,
        2,
        2,
        2.5,
        2.8,
        3,
        2.7142857142857144,
        2.625,
        2.7777777777777777
    ],
    "5_3": [
        4,
        4,
        3.6666666666666665,
        4,
        3.8,
        3.6666666666666665,
        3.857142857142857,
        3.75,
        3.7777777777777777
    ],
    "5_4": [
        5,
        4,
        4,
        4.25,
        4.2,
        4.166666666666667,
        4.142857142857143,
        4.25,
        4.111111111111111
    ],
    "5_5": [
        4,
        3.5,
        3.6666666666666665,
        4.25,
        4.2,
        4.166666666666667,
        4.428571428571429,
        4.5,
        4.444444444444445
    ],
    "5_6": [
        5,
        6,
        6,
        6,
        5.8,
        5.5,
        5.714285714285714,
        5.75,
        5.777777777777778
    ],
    "5_7": [
        4,
        5.5,
        5.666666666666667,
        5.25,
        5.2,
        5.5,
        5.571428571428571,
        5.5,
        5.555555555555555
    ],
    "5_8": [
        6,
        6,
        6,
        6.25,
        6,
        6,
        6,
        6,
        5.888888888888889
    ],
    "5_9": [
        7,
        6,
        6.333333333333333,
        5.75,
        6,
        5.833333333333333,
        5.714285714285714,
        5.875,
        5.888888888888889
    ],
    "6_1": [
        1,
        1,
        1,
        1,
        1,
        1,
        1,
        1,
        1
    ],
    "6_2": [
        2,
        2.5,
        2.6666666666666665,
        3.25,
        3.2,
        3.5,
        3.7142857142857144,
        3.5,
        3.4444444444444446
    ],